"http://www.freedesktop.org/standards/dbus/1.0/introspect.dtd">
<!-- GDBus 2.56.4 -->
<node>
<interface name="org.freedesktop.DBus.Properties">
<method name="Get">
<arg type="s" name="interface_name" direction="in"/>
<arg type="s" name="property_name" direction="in"/>
<arg type="v" name="value" direction="out"/>
</method>
<method name="GetAll">
<arg type="s" name="interface_name" direction="in"/>
<arg type="a{sv}" name="properties" direction="out"/>
</method>
<method name="Set">
<arg type="s" name="interface_name" direction="in"/>
<arg type="s" name="property_name" direction="in"/>
<arg type="v" name="value" direction="in"/>
</method>
<signal name="PropertiesChanged">
<arg type="s" name="interface_name"/>
<arg type="a{sv}" name="changed_properties"/>
<arg type="as" name="invalidated_properties"/>
</signal>
</interface>
<interface name="org.freedesktop.DBus.Introspectable">
<method name="Introspect">
<arg type="s" name="xml_data" direction="out"/>
</method>
</interface>
<interface name="org.freedesktop.DBus.Peer">
<method name="Ping"/>
<method name="GetMachineId">
<arg type="s" name="machine_uuid" direction="out"/>
</method>
</interface>
<interface name="org.cinnamon.ScreenSaver">
<method name="Lock">
<arg type="s" name="message" direction="in"/>
</method>
<method name="SimulateUserActivity"/>
<method name="GetActive">
<arg type="b" name="arg_0" direction="out"/>
</method>
<method name="GetActiveTime">
<arg type="u" name="seconds" direction="out"/>
</method>
<method name="GetSessionIdleTime">
<arg type="u" name="seconds" direction="out"/>
</method>
<method name="SetActive">
<arg type="b" name="e" direction="in"/>
</method>
<method name="Quit"/>
<signal name="ActiveChanged">
<arg type="b" name="arg_0"/>
</signal>
</interface>
</node>
"

